{
  "q80": 2.034761989792005,
  "q90": 3.999199594224213,
  "q95": 7.020616063279614,
  "mape": 1.8748291000977586,
  "mdape": 0.7805131807918262,
  "n_train": 118884,
  "n_cal": 20980,
  "n_test": 24683,
  "feature_importances": {
    "cpv_g2": 0.0,
    "cpv_g3": 0.02787688974223824,
    "cpv_g4": 0.6650008783909714,
    "region_coeff": 0.1326167652861068,
    "offers_count": 0.11060679083389795,
    "year": 0.03629205315377038,
    "is_result": 0.02760662259301519,
    "is_works": 0.0
  },
  "calibration_samples": 20980
}